date,site_id,consumed_tonnes,predicted_tonnes
2024-11-06,SITE_001,31.27,36.562614
2024-11-06,SITE_002,13.89,13.756544
2024-11-06,SITE_003,49.5,42.272575
2024-11-06,SITE_004,14.56,15.305699
2024-11-06,SITE_005,36.09,40.271683
2024-11-06,SITE_006,0.0,-0.20975299
2024-11-06,SITE_007,16.05,26.708216
2024-11-06,SITE_008,23.5,22.32138
2024-11-06,SITE_009,9.08,9.175017
2024-11-06,SITE_010,17.98,31.190788
2024-11-06,SITE_011,26.16,32.447872
2024-11-06,SITE_012,8.76,8.325266
2024-11-06,SITE_013,53.23,48.480045
2024-11-06,SITE_014,56.49,51.925507
2024-11-06,SITE_015,10.0,9.529298
2024-11-06,SITE_016,19.35,20.95276
2024-11-06,SITE_017,20.1,37.283607
2024-11-06,SITE_018,26.52,23.103632
2024-11-06,SITE_019,18.23,17.497255
2024-11-06,SITE_020,48.76,36.493572
2024-11-06,SITE_021,50.04,40.858658
2024-11-06,SITE_022,36.58,28.066973
2024-11-06,SITE_023,8.84,8.697778
2024-11-06,SITE_024,0.0,2.7972784
2024-11-06,SITE_025,37.71,42.37338
2024-11-06,SITE_026,33.95,34.17405
2024-11-06,SITE_027,13.13,13.188819
2024-11-06,SITE_028,0.0,-0.123646826
2024-11-06,SITE_029,4.8,3.8567922
2024-11-06,SITE_030,0.0,0.2902018
2024-11-07,SITE_001,26.91,24.479263
2024-11-07,SITE_002,13.51,13.490009
2024-11-07,SITE_003,30.92,28.314594
2024-11-07,SITE_004,9.15,8.392334
2024-11-07,SITE_005,17.03,30.663862
2024-11-07,SITE_006,28.27,26.61893
2024-11-07,SITE_007,18.17,36.306927
2024-11-07,SITE_008,31.36,28.625486
2024-11-07,SITE_009,11.93,11.481266
2024-11-07,SITE_010,43.52,43.761375
2024-11-07,SITE_011,13.5,31.736248
2024-11-07,SITE_012,13.07,13.109196
2024-11-07,SITE_013,13.51,13.45095
2024-11-07,SITE_014,0.0,0.32636362
2024-11-07,SITE_015,9.32,9.144231
2024-11-07,SITE_016,11.9,11.143514
2024-11-07,SITE_017,43.25,37.41117
2024-11-07,SITE_018,24.55,28.22624
2024-11-07,SITE_019,16.03,16.580463
2024-11-07,SITE_020,0.0,0.13781784
2024-11-07,SITE_021,48.89,25.026289
2024-11-07,SITE_022,52.98,41.77739
2024-11-07,SITE_023,9.33,9.492075
2024-11-07,SITE_024,48.16,42.121677
2024-11-07,SITE_025,32.73,44.995876
2024-11-07,SITE_026,56.0,59.152718
2024-11-07,SITE_027,9.43,8.935916
2024-11-07,SITE_028,0.0,-1.1059835
2024-11-07,SITE_029,6.79,6.714206
2024-11-07,SITE_030,32.13,29.078857
2024-11-08,SITE_001,45.03,32.773613
2024-11-08,SITE_002,9.37,9.357052
2024-11-08,SITE_003,57.6,47.087795
2024-11-08,SITE_004,18.6,19.447851
2024-11-08,SITE_005,13.69,25.031567
2024-11-08,SITE_006,37.36,37.144505
2024-11-08,SITE_007,49.54,33.55719
2024-11-08,SITE_008,29.9,33.529713
2024-11-08,SITE_009,7.8,7.9124556
2024-11-08,SITE_010,14.77,40.684982
2024-11-08,SITE_011,0.0,1.9468111
2024-11-08,SITE_012,7.41,7.90175
2024-11-08,SITE_013,27.94,26.75511
2024-11-08,SITE_014,25.02,24.486315
2024-11-08,SITE_015,12.32,12.136729
2024-11-08,SITE_016,18.2,18.68797
2024-11-08,SITE_017,21.93,35.589596
2024-11-08,SITE_018,41.64,34.551533
2024-11-08,SITE_019,7.29,7.7621574
2024-11-08,SITE_020,44.41,36.008724
2024-11-08,SITE_021,40.48,33.072342
2024-11-08,SITE_022,34.69,32.773785
2024-11-08,SITE_023,10.02,9.873872
2024-11-08,SITE_024,0.0,0.24567881
2024-11-08,SITE_025,21.5,42.822933
2024-11-08,SITE_026,54.7,47.410263
2024-11-08,SITE_027,9.68,8.768852
2024-11-08,SITE_028,0.0,-0.12058048
2024-11-08,SITE_029,15.49,15.942284
2024-11-08,SITE_030,53.6,32.366165
2024-11-09,SITE_001,42.58,32.2423
2024-11-09,SITE_002,4.28,4.264346
2024-11-09,SITE_003,47.45,39.015343
2024-11-09,SITE_004,14.23,13.961787
2024-11-09,SITE_005,37.82,30.436514
2024-11-09,SITE_006,0.0,26.421164
2024-11-09,SITE_007,19.43,26.631954
2024-11-09,SITE_008,44.01,39.655186
2024-11-09,SITE_009,14.54,14.512386
2024-11-09,SITE_010,26.73,26.041998
2024-11-09,SITE_011,41.08,31.87482
2024-11-09,SITE_012,8.64,8.388527
2024-11-09,SITE_013,28.31,28.274145
2024-11-09,SITE_014,47.87,34.658287
2024-11-09,SITE_015,18.37,18.285593
2024-11-09,SITE_016,0.0,1.5678508
2024-11-09,SITE_017,45.53,38.02322
2024-11-09,SITE_018,34.24,25.492714
2024-11-09,SITE_019,7.36,6.722569
2024-11-09,SITE_020,0.0,-0.6566024
2024-11-09,SITE_021,39.04,33.83589
2024-11-09,SITE_022,44.05,41.592045
2024-11-09,SITE_023,15.96,15.893551
2024-11-09,SITE_024,59.63,53.851654
2024-11-09,SITE_025,13.4,24.866217
2024-11-09,SITE_026,56.72,56.558937
2024-11-09,SITE_027,10.95,10.868284
2024-11-09,SITE_028,24.99,24.307022
2024-11-09,SITE_029,11.07,11.102285
2024-11-09,SITE_030,32.99,32.239983
2024-11-10,SITE_001,28.89,41.774166
2024-11-10,SITE_002,11.36,11.46341
2024-11-10,SITE_003,31.17,28.742418
2024-11-10,SITE_004,5.02,5.229063
2024-11-10,SITE_005,52.3,36.1474
2024-11-10,SITE_006,0.0,-0.59259623
2024-11-10,SITE_007,18.43,42.93423
2024-11-10,SITE_008,44.49,38.92849
2024-11-10,SITE_009,7.25,6.887006
2024-11-10,SITE_010,29.44,29.90382
2024-11-10,SITE_011,16.04,34.704796
2024-11-10,SITE_012,13.89,13.921934
2024-11-10,SITE_013,65.32,62.51182
2024-11-10,SITE_014,31.78,46.223232
2024-11-10,SITE_015,19.08,17.920452
2024-11-10,SITE_016,31.61,33.95414
2024-11-10,SITE_017,31.05,28.917946
2024-11-10,SITE_018,48.7,41.071735
2024-11-10,SITE_019,10.37,10.779682
2024-11-10,SITE_020,38.97,31.212
2024-11-10,SITE_021,52.02,35.24985
2024-11-10,SITE_022,0.0,4.1808677
2024-11-10,SITE_023,11.88,12.342512
2024-11-10,SITE_024,55.7,51.342785
2024-11-10,SITE_025,20.42,36.582397
2024-11-10,SITE_026,0.0,-2.5300868
2024-11-10,SITE_027,17.65,17.207682
2024-11-10,SITE_028,62.51,57.984062
2024-11-10,SITE_029,18.42,18.445618
2024-11-10,SITE_030,50.52,41.198265
2024-11-11,SITE_001,13.57,23.12008
2024-11-11,SITE_002,6.31,6.069805
2024-11-11,SITE_003,45.34,40.175682
2024-11-11,SITE_004,10.42,10.930328
2024-11-11,SITE_005,0.0,-0.061841946
2024-11-11,SITE_006,0.0,-0.66889566
2024-11-11,SITE_007,13.45,30.353518
2024-11-11,SITE_008,13.77,28.7676
2024-11-11,SITE_009,9.57,8.799863
2024-11-11,SITE_010,28.53,34.064957
2024-11-11,SITE_011,29.68,37.962692
2024-11-11,SITE_012,5.46,5.2493863
2024-11-11,SITE_013,39.89,39.38201
2024-11-11,SITE_014,0.0,-0.0794065
2024-11-11,SITE_015,6.39,6.9466925
2024-11-11,SITE_016,25.75,25.332035
2024-11-11,SITE_017,42.51,49.158264
2024-11-11,SITE_018,11.04,26.295265
2024-11-11,SITE_019,15.75,15.554375
2024-11-11,SITE_020,37.97,33.557392
2024-11-11,SITE_021,37.1,35.667664
2024-11-11,SITE_022,45.22,34.033154
2024-11-11,SITE_023,6.17,6.114831
2024-11-11,SITE_024,0.0,7.250478
2024-11-11,SITE_025,25.05,44.7788
2024-11-11,SITE_026,24.1,22.683287
2024-11-11,SITE_027,15.68,14.955646
2024-11-11,SITE_028,12.01,11.965531
2024-11-11,SITE_029,7.38,7.4393063
2024-11-11,SITE_030,13.26,44.110146
2024-11-12,SITE_001,31.12,27.101805
2024-11-12,SITE_002,15.48,15.84519
2024-11-12,SITE_003,30.38,26.7001
2024-11-12,SITE_004,7.14,7.8252897
2024-11-12,SITE_005,28.49,24.850256
2024-11-12,SITE_006,47.26,43.308224
2024-11-12,SITE_007,0.0,0.45622802
2024-11-12,SITE_008,15.61,23.560333
2024-11-12,SITE_009,12.29,12.520337
2024-11-12,SITE_010,25.17,37.78551
2024-11-12,SITE_011,23.7,31.328203
2024-11-12,SITE_012,10.76,10.844526
2024-11-12,SITE_013,16.78,16.510252
2024-11-12,SITE_014,27.97,27.272161
2024-11-12,SITE_015,9.78,9.557374
2024-11-12,SITE_016,0.0,3.4297252
2024-11-12,SITE_017,25.18,27.00166
2024-11-12,SITE_018,21.13,35.7155
2024-11-12,SITE_019,14.11,14.305114
2024-11-12,SITE_020,55.05,38.63826
2024-11-12,SITE_021,34.37,30.428467
2024-11-12,SITE_022,48.93,41.52767
2024-11-12,SITE_023,9.24,8.853505
2024-11-12,SITE_024,36.02,35.358334
2024-11-12,SITE_025,25.01,42.82767
2024-11-12,SITE_026,60.66,66.85453
2024-11-12,SITE_027,10.89,10.613285
2024-11-12,SITE_028,0.0,-1.1587187
2024-11-12,SITE_029,7.25,7.775426
2024-11-12,SITE_030,23.26,43.398308
2024-11-13,SITE_001,0.0,1.3679736
2024-11-13,SITE_002,8.38,8.5513935
2024-11-13,SITE_003,43.35,36.422245
2024-11-13,SITE_004,5.1,1.4301914
2024-11-13,SITE_005,35.01,31.11412
2024-11-13,SITE_006,0.0,0.36800185
2024-11-13,SITE_007,49.98,40.38731
2024-11-13,SITE_008,50.75,41.59629
2024-11-13,SITE_009,4.03,1.0813136
2024-11-13,SITE_010,27.78,30.516582
2024-11-13,SITE_011,31.32,27.324694
2024-11-13,SITE_012,0.0,0.14452882
2024-11-13,SITE_013,41.81,41.53153
2024-11-13,SITE_014,12.52,12.810489
2024-11-13,SITE_015,6.69,6.4232564
2024-11-13,SITE_016,32.78,33.954254
2024-11-13,SITE_017,21.39,45.827282
2024-11-13,SITE_018,22.27,28.31354
2024-11-13,SITE_019,18.22,17.985786
2024-11-13,SITE_020,0.0,-0.571098
2024-11-13,SITE_021,0.0,-0.93781465
2024-11-13,SITE_022,52.18,35.87508
2024-11-13,SITE_023,6.59,6.2370396
2024-11-13,SITE_024,10.2,10.57028
2024-11-13,SITE_025,10.27,35.994274
2024-11-13,SITE_026,0.0,0.13330561
2024-11-13,SITE_027,10.13,9.690444
2024-11-13,SITE_028,0.0,0.15875351
2024-11-13,SITE_029,19.37,19.662565
2024-11-13,SITE_030,12.73,25.485672
2024-11-14,SITE_001,58.23,36.60684
2024-11-14,SITE_002,7.5,7.520263
2024-11-14,SITE_003,54.26,44.099552
2024-11-14,SITE_004,19.13,18.95883
2024-11-14,SITE_005,40.42,35.606426
2024-11-14,SITE_006,35.27,35.261448
2024-11-14,SITE_007,39.7,35.072113
2024-11-14,SITE_008,30.02,28.115368
2024-11-14,SITE_009,10.55,10.327811
2024-11-14,SITE_010,31.08,31.958775
2024-11-14,SITE_011,32.02,33.156315
2024-11-14,SITE_012,8.94,8.907278
2024-11-14,SITE_013,65.86,61.92963
2024-11-14,SITE_014,0.0,0.39924663
2024-11-14,SITE_015,5.08,6.052409
2024-11-14,SITE_016,0.0,-0.15237217
2024-11-14,SITE_017,17.97,42.1704
2024-11-14,SITE_018,26.13,42.41217
2024-11-14,SITE_019,14.85,13.695357
2024-11-14,SITE_020,27.38,25.082914
2024-11-14,SITE_021,32.38,27.836302
2024-11-14,SITE_022,32.75,31.670618
2024-11-14,SITE_023,14.2,13.814558
2024-11-14,SITE_024,28.58,27.802217
2024-11-14,SITE_025,23.53,44.503494
2024-11-14,SITE_026,0.0,0.24531713
2024-11-14,SITE_027,9.51,9.157276
2024-11-14,SITE_028,0.0,-0.28606215
2024-11-14,SITE_029,13.23,13.210849
2024-11-14,SITE_030,0.0,1.5785642
2024-11-15,SITE_001,25.39,34.80356
2024-11-15,SITE_002,15.52,15.704885
2024-11-15,SITE_003,38.68,41.527348
2024-11-15,SITE_004,14.96,15.160597
2024-11-15,SITE_005,29.74,27.939325
2024-11-15,SITE_006,52.81,53.60405
2024-11-15,SITE_007,23.76,22.205416
2024-11-15,SITE_008,21.27,30.816595
2024-11-15,SITE_009,4.74,5.0301175
2024-11-15,SITE_010,41.84,32.88453
2024-11-15,SITE_011,19.5,36.858204
2024-11-15,SITE_012,7.18,7.490448
2024-11-15,SITE_013,0.0,-0.19915046
2024-11-15,SITE_014,12.55,12.75138
2024-11-15,SITE_015,5.93,6.2823887
2024-11-15,SITE_016,35.28,33.201077
2024-11-15,SITE_017,32.21,41.253418
2024-11-15,SITE_018,36.69,41.36332
2024-11-15,SITE_019,6.52,6.2155943
2024-11-15,SITE_020,47.82,38.284702
2024-11-15,SITE_021,56.63,34.78368
2024-11-15,SITE_022,25.61,22.09444
2024-11-15,SITE_023,0.0,1.241139
2024-11-15,SITE_024,0.0,0.10576728
2024-11-15,SITE_025,34.67,31.146404
2024-11-15,SITE_026,45.15,42.81795
2024-11-15,SITE_027,18.24,18.210773
2024-11-15,SITE_028,21.8,21.200722
2024-11-15,SITE_029,17.0,17.333107
2024-11-15,SITE_030,50.17,38.11268
2024-11-16,SITE_001,38.54,35.021797
2024-11-16,SITE_002,10.38,10.679016
2024-11-16,SITE_003,12.7,32.50062
2024-11-16,SITE_004,11.4,11.46603
2024-11-16,SITE_005,31.96,26.882414
2024-11-16,SITE_006,22.47,20.791521
2024-11-16,SITE_007,35.86,25.66937
2024-11-16,SITE_008,27.29,29.817142
2024-11-16,SITE_009,6.98,6.688443
2024-11-16,SITE_010,0.0,-2.8267107
2024-11-16,SITE_011,18.02,37.13271
2024-11-16,SITE_012,5.85,5.790572
2024-11-16,SITE_013,25.58,26.576843
2024-11-16,SITE_014,68.2,55.840916
2024-11-16,SITE_015,10.85,11.092197
2024-11-16,SITE_016,60.48,56.29188
2024-11-16,SITE_017,36.07,31.820246
2024-11-16,SITE_018,0.0,-0.024000429
2024-11-16,SITE_019,9.71,9.974952
2024-11-16,SITE_020,30.83,33.08332
2024-11-16,SITE_021,52.08,39.279182
2024-11-16,SITE_022,48.75,45.125328
2024-11-16,SITE_023,10.48,10.065552
2024-11-16,SITE_024,0.0,2.4175994
2024-11-16,SITE_025,26.79,25.585062
2024-11-16,SITE_026,0.0,0.1435256
2024-11-16,SITE_027,6.49,6.414351
2024-11-16,SITE_028,22.57,20.509354
2024-11-16,SITE_029,10.15,9.87528
2024-11-16,SITE_030,36.08,32.872753
2024-11-17,SITE_001,13.41,28.341377
2024-11-17,SITE_002,10.57,11.255971
2024-11-17,SITE_003,20.06,42.000458
2024-11-17,SITE_004,10.8,11.00819
2024-11-17,SITE_005,45.5,39.32553
2024-11-17,SITE_006,21.26,20.256365
2024-11-17,SITE_007,17.89,25.59798
2024-11-17,SITE_008,38.31,28.406376
2024-11-17,SITE_009,18.8,18.93318
2024-11-17,SITE_010,57.16,41.174362
2024-11-17,SITE_011,0.0,2.2617562
2024-11-17,SITE_012,5.95,6.255433
2024-11-17,SITE_013,27.64,27.439922
2024-11-17,SITE_014,56.56,60.034225
2024-11-17,SITE_015,8.59,9.811781
2024-11-17,SITE_016,47.02,48.124954
2024-11-17,SITE_017,37.89,33.408722
2024-11-17,SITE_018,36.09,26.019554
2024-11-17,SITE_019,18.03,18.118492
2024-11-17,SITE_020,48.02,33.72501
2024-11-17,SITE_021,36.66,30.01857
2024-11-17,SITE_022,31.54,30.133232
2024-11-17,SITE_023,7.1,7.112069
2024-11-17,SITE_024,37.42,38.828655
2024-11-17,SITE_025,50.07,48.95195
2024-11-17,SITE_026,11.26,11.21034
2024-11-17,SITE_027,15.11,15.455729
2024-11-17,SITE_028,34.26,34.265858
2024-11-17,SITE_029,11.43,11.455443
2024-11-17,SITE_030,23.79,27.938585
2024-11-18,SITE_001,17.97,23.744797
2024-11-18,SITE_002,9.54,8.925656
2024-11-18,SITE_003,33.92,30.737715
2024-11-18,SITE_004,9.12,8.247708
2024-11-18,SITE_005,50.85,49.653023
2024-11-18,SITE_006,0.0,-1.8446168
2024-11-18,SITE_007,19.45,30.405834
2024-11-18,SITE_008,40.14,34.13264
2024-11-18,SITE_009,12.87,12.634663
2024-11-18,SITE_010,0.0,-0.89278007
2024-11-18,SITE_011,44.64,37.801613
2024-11-18,SITE_012,5.93,5.7197742
2024-11-18,SITE_013,68.33,52.942947
2024-11-18,SITE_014,36.73,32.891182
2024-11-18,SITE_015,8.63,9.481091
2024-11-18,SITE_016,52.53,49.580013
2024-11-18,SITE_017,36.12,28.720806
2024-11-18,SITE_018,25.27,22.895996
2024-11-18,SITE_019,5.5,5.7488656
2024-11-18,SITE_020,44.69,39.93157
2024-11-18,SITE_021,26.88,29.455824
2024-11-18,SITE_022,34.78,35.230118
2024-11-18,SITE_023,4.41,4.020671
2024-11-18,SITE_024,0.0,-0.31686428
2024-11-18,SITE_025,0.0,0.22877787
2024-11-18,SITE_026,48.17,50.565666
2024-11-18,SITE_027,9.82,10.519759
2024-11-18,SITE_028,0.0,-0.036530927
2024-11-18,SITE_029,12.14,11.450721
2024-11-18,SITE_030,25.42,35.54346
2024-11-19,SITE_001,29.78,30.066048
2024-11-19,SITE_002,12.33,12.345888
2024-11-19,SITE_003,30.24,28.249275
2024-11-19,SITE_004,13.34,12.925211
2024-11-19,SITE_005,18.08,38.419655
2024-11-19,SITE_006,48.7,47.27332
2024-11-19,SITE_007,16.28,30.600725
2024-11-19,SITE_008,17.65,35.375023
2024-11-19,SITE_009,13.45,13.153495
2024-11-19,SITE_010,40.32,33.526672
2024-11-19,SITE_011,0.0,-1.9187953
2024-11-19,SITE_012,11.13,10.238824
2024-11-19,SITE_013,0.0,0.030363804
2024-11-19,SITE_014,0.0,-0.33121744
2024-11-19,SITE_015,13.71,13.959091
2024-11-19,SITE_016,32.65,34.580303
2024-11-19,SITE_017,45.83,34.92263
2024-11-19,SITE_018,40.57,36.73686
2024-11-19,SITE_019,9.43,8.964437
2024-11-19,SITE_020,37.41,42.280647
2024-11-19,SITE_021,29.96,29.679789
2024-11-19,SITE_022,43.85,41.499287
2024-11-19,SITE_023,0.0,0.30291724
2024-11-19,SITE_024,10.33,10.173962
2024-11-19,SITE_025,47.07,38.07018
2024-11-19,SITE_026,45.03,44.90237
2024-11-19,SITE_027,0.0,0.84565574
2024-11-19,SITE_028,42.65,42.459827
2024-11-19,SITE_029,14.43,14.635897
2024-11-19,SITE_030,0.0,2.5361
2024-11-20,SITE_001,24.78,25.998516
2024-11-20,SITE_002,6.5,6.5280657
2024-11-20,SITE_003,37.76,30.820517
2024-11-20,SITE_004,17.56,17.244705
2024-11-20,SITE_005,20.15,41.32276
2024-11-20,SITE_006,19.08,19.10732
2024-11-20,SITE_007,31.98,29.49817
2024-11-20,SITE_008,25.14,29.30876
2024-11-20,SITE_009,13.82,13.670107
2024-11-20,SITE_010,37.0,26.696234
2024-11-20,SITE_011,29.41,33.08108
2024-11-20,SITE_012,14.89,14.774211
2024-11-20,SITE_013,0.0,-0.5696954
2024-11-20,SITE_014,0.0,-0.6243455
2024-11-20,SITE_015,15.75,15.668462
2024-11-20,SITE_016,0.0,0.33014837
2024-11-20,SITE_017,24.05,37.973408
2024-11-20,SITE_018,38.96,28.501886
2024-11-20,SITE_019,14.88,14.852857
2024-11-20,SITE_020,33.44,46.459286
2024-11-20,SITE_021,47.19,34.362976
2024-11-20,SITE_022,19.66,41.34252
2024-11-20,SITE_023,0.0,0.47126067
2024-11-20,SITE_024,31.4,33.471985
2024-11-20,SITE_025,24.6,23.199875
2024-11-20,SITE_026,67.8,54.30722
2024-11-20,SITE_027,17.22,16.57723
2024-11-20,SITE_028,19.2,19.406647
2024-11-20,SITE_029,9.94,9.628216
2024-11-20,SITE_030,27.89,25.127232
2024-11-21,SITE_001,30.66,22.675613
2024-11-21,SITE_002,6.6,6.7713737
2024-11-21,SITE_003,33.54,32.79655
2024-11-21,SITE_004,19.98,20.17719
2024-11-21,SITE_005,35.84,30.528788
2024-11-21,SITE_006,38.54,33.53387
2024-11-21,SITE_007,40.46,36.900616
2024-11-21,SITE_008,28.84,39.673653
2024-11-21,SITE_009,18.52,18.734377
2024-11-21,SITE_010,55.04,41.849293
2024-11-21,SITE_011,0.0,4.239208
2024-11-21,SITE_012,9.51,9.00715
2024-11-21,SITE_013,58.52,55.038845
2024-11-21,SITE_014,47.35,43.364494
2024-11-21,SITE_015,15.02,15.489189
2024-11-21,SITE_016,12.87,12.651052
2024-11-21,SITE_017,52.2,39.939735
2024-11-21,SITE_018,39.25,32.02485
2024-11-21,SITE_019,11.91,11.497347
2024-11-21,SITE_020,0.0,-2.4679883
2024-11-21,SITE_021,41.75,35.592274
2024-11-21,SITE_022,45.81,33.550964
2024-11-21,SITE_023,14.96,14.498924
2024-11-21,SITE_024,24.14,24.294771
2024-11-21,SITE_025,44.7,38.532326
2024-11-21,SITE_026,11.44,11.073559
2024-11-21,SITE_027,5.93,5.5514464
2024-11-21,SITE_028,48.81,49.65089
2024-11-21,SITE_029,13.46,13.617499
2024-11-21,SITE_030,0.0,-1.4195532
2024-11-22,SITE_001,38.85,29.462162
2024-11-22,SITE_002,13.73,13.564321
2024-11-22,SITE_003,26.06,43.22954
2024-11-22,SITE_004,16.39,16.359417
2024-11-22,SITE_005,0.0,0.5503653
2024-11-22,SITE_006,0.0,0.1038812
2024-11-22,SITE_007,20.52,35.053112
2024-11-22,SITE_008,32.95,30.323639
2024-11-22,SITE_009,11.58,11.699867
2024-11-22,SITE_010,30.74,19.7875
2024-11-22,SITE_011,56.78,38.560436
2024-11-22,SITE_012,6.16,5.7610884
2024-11-22,SITE_013,0.0,-0.18669644
2024-11-22,SITE_014,0.0,-0.09124021
2024-11-22,SITE_015,0.0,0.97024125
2024-11-22,SITE_016,49.58,47.36199
2024-11-22,SITE_017,15.76,40.824074
2024-11-22,SITE_018,18.4,29.59022
2024-11-22,SITE_019,11.65,11.483232
2024-11-22,SITE_020,0.0,-1.6714075
2024-11-22,SITE_021,26.58,22.213074
2024-11-22,SITE_022,13.38,40.479275
2024-11-22,SITE_023,13.2,13.284117
2024-11-22,SITE_024,59.72,59.300232
2024-11-22,SITE_025,43.86,34.82332
2024-11-22,SITE_026,14.35,14.2568445
2024-11-22,SITE_027,10.07,10.165703
2024-11-22,SITE_028,10.38,10.119308
2024-11-22,SITE_029,12.15,12.067776
2024-11-22,SITE_030,0.0,-2.15279
2024-11-23,SITE_001,37.3,25.444431
2024-11-23,SITE_002,19.94,18.541943
2024-11-23,SITE_003,11.63,41.785633
2024-11-23,SITE_004,19.87,19.843704
2024-11-23,SITE_005,35.28,40.086525
2024-11-23,SITE_006,29.79,27.312273
2024-11-23,SITE_007,0.0,-0.004282973
2024-11-23,SITE_008,24.24,23.869093
2024-11-23,SITE_009,7.1,7.2172327
2024-11-23,SITE_010,55.73,41.870758
2024-11-23,SITE_011,58.42,43.11175
2024-11-23,SITE_012,8.77,8.603045
2024-11-23,SITE_013,68.07,66.19479
2024-11-23,SITE_014,36.47,31.826738
2024-11-23,SITE_015,7.17,7.2495155
2024-11-23,SITE_016,53.48,55.018555
2024-11-23,SITE_017,11.96,22.327288
2024-11-23,SITE_018,12.16,17.044094
2024-11-23,SITE_019,6.64,6.414252
2024-11-23,SITE_020,48.59,33.588703
2024-11-23,SITE_021,33.56,29.056803
2024-11-23,SITE_022,12.7,36.066273
2024-11-23,SITE_023,8.72,8.053053
2024-11-23,SITE_024,27.89,26.842653
2024-11-23,SITE_025,39.46,31.387888
2024-11-23,SITE_026,39.67,35.139885
2024-11-23,SITE_027,19.58,18.52076
2024-11-23,SITE_028,28.87,25.533884
2024-11-23,SITE_029,6.42,6.2695246
2024-11-23,SITE_030,37.71,30.605068
2024-11-24,SITE_001,13.38,28.510406
2024-11-24,SITE_002,19.13,19.08502
2024-11-24,SITE_003,13.66,29.43198
2024-11-24,SITE_004,14.31,13.906076
2024-11-24,SITE_005,23.97,40.178295
2024-11-24,SITE_006,50.32,47.351273
2024-11-24,SITE_007,49.43,38.678646
2024-11-24,SITE_008,38.12,29.797447
2024-11-24,SITE_009,12.34,11.819823
2024-11-24,SITE_010,35.73,26.434849
2024-11-24,SITE_011,20.01,29.399517
2024-11-24,SITE_012,0.0,2.3699653
2024-11-24,SITE_013,0.0,-0.34057462
2024-11-24,SITE_014,27.52,27.118076
2024-11-24,SITE_015,14.89,15.044342
2024-11-24,SITE_016,37.22,38.183517
2024-11-24,SITE_017,31.63,24.001904
2024-11-24,SITE_018,26.02,46.023483
2024-11-24,SITE_019,16.72,17.08272
2024-11-24,SITE_020,55.67,47.279118
2024-11-24,SITE_021,26.96,23.97427
2024-11-24,SITE_022,35.13,36.9149
2024-11-24,SITE_023,8.04,7.862793
2024-11-24,SITE_024,61.53,66.04463
2024-11-24,SITE_025,24.35,29.252415
2024-11-24,SITE_026,44.1,44.882214
2024-11-24,SITE_027,11.38,11.38132
2024-11-24,SITE_028,0.0,0.20642707
2024-11-24,SITE_029,17.56,17.490915
2024-11-24,SITE_030,39.39,29.246773
2024-11-25,SITE_001,38.59,31.301006
2024-11-25,SITE_002,15.27,15.58016
2024-11-25,SITE_003,30.12,39.65553
2024-11-25,SITE_004,19.74,20.10682
2024-11-25,SITE_005,0.0,-0.027570616
2024-11-25,SITE_006,50.38,42.11258
2024-11-25,SITE_007,0.0,6.9351015
2024-11-25,SITE_008,42.94,44.2001
2024-11-25,SITE_009,18.53,18.798626
2024-11-25,SITE_010,54.14,34.73458
2024-11-25,SITE_011,19.04,38.629185
2024-11-25,SITE_012,16.22,16.02125
2024-11-25,SITE_013,0.0,0.121121004
2024-11-25,SITE_014,44.82,46.32265
2024-11-25,SITE_015,8.81,8.56892
2024-11-25,SITE_016,23.2,20.86517
2024-11-25,SITE_017,0.0,-1.6415341
2024-11-25,SITE_018,20.63,41.463345
2024-11-25,SITE_019,12.21,12.635826
2024-11-25,SITE_020,0.0,-0.35320035
2024-11-25,SITE_021,31.54,26.813805
2024-11-25,SITE_022,44.01,44.39931
2024-11-25,SITE_023,16.89,16.855223
2024-11-25,SITE_024,17.82,17.905346
2024-11-25,SITE_025,32.13,26.710806
2024-11-25,SITE_026,14.42,14.514851
2024-11-25,SITE_027,10.01,9.694316
2024-11-25,SITE_028,38.79,41.85932
2024-11-25,SITE_029,18.73,18.814308
2024-11-25,SITE_030,47.11,40.788204
2024-11-26,SITE_001,34.42,29.332434
2024-11-26,SITE_002,11.78,11.646849
2024-11-26,SITE_003,13.92,35.978844
2024-11-26,SITE_004,7.02,7.2340755
2024-11-26,SITE_005,47.72,38.513645
2024-11-26,SITE_006,48.06,47.574665
2024-11-26,SITE_007,57.1,39.600292
2024-11-26,SITE_008,20.76,31.422434
2024-11-26,SITE_009,10.48,10.56248
2024-11-26,SITE_010,21.54,31.216637
2024-11-26,SITE_011,27.91,32.02512
2024-11-26,SITE_012,9.07,8.939267
2024-11-26,SITE_013,13.06,12.653533
2024-11-26,SITE_014,18.76,18.75166
2024-11-26,SITE_015,17.32,17.09852
2024-11-26,SITE_016,0.0,-0.8897859
2024-11-26,SITE_017,45.63,38.137672
2024-11-26,SITE_018,37.28,37.066135
2024-11-26,SITE_019,14.66,14.837129
2024-11-26,SITE_020,26.45,23.696278
2024-11-26,SITE_021,32.93,28.023653
2024-11-26,SITE_022,16.61,43.44561
2024-11-26,SITE_023,9.01,9.009344
2024-11-26,SITE_024,58.19,62.023228
2024-11-26,SITE_025,23.08,34.463936
2024-11-26,SITE_026,25.68,25.477228
2024-11-26,SITE_027,4.2,3.945436
2024-11-26,SITE_028,12.04,12.478486
2024-11-26,SITE_029,7.01,8.244904
2024-11-26,SITE_030,42.53,33.408314
2024-11-27,SITE_001,0.0,-1.7392862
2024-11-27,SITE_002,10.5,10.529417
2024-11-27,SITE_003,0.0,2.248454
2024-11-27,SITE_004,10.11,10.138186
2024-11-27,SITE_005,48.06,35.78498
2024-11-27,SITE_006,45.34,42.429916
2024-11-27,SITE_007,0.0,0.21479246
2024-11-27,SITE_008,25.04,29.237595
2024-11-27,SITE_009,15.93,15.97082
2024-11-27,SITE_010,40.45,40.848297
2024-11-27,SITE_011,40.99,40.902275
2024-11-27,SITE_012,6.32,6.262054
2024-11-27,SITE_013,0.0,0.058991488
2024-11-27,SITE_014,0.0,-0.16281807
2024-11-27,SITE_015,19.34,19.613777
2024-11-27,SITE_016,26.86,24.816124
2024-11-27,SITE_017,58.03,53.165913
2024-11-27,SITE_018,20.35,32.127956
2024-11-27,SITE_019,12.87,13.261511
2024-11-27,SITE_020,40.38,35.7791
2024-11-27,SITE_021,38.59,28.126532
2024-11-27,SITE_022,19.99,43.16647
2024-11-27,SITE_023,12.68,12.879034
2024-11-27,SITE_024,0.0,0.19489312
2024-11-27,SITE_025,21.56,42.80362
2024-11-27,SITE_026,54.09,55.90802
2024-11-27,SITE_027,8.83,9.561455
2024-11-27,SITE_028,19.05,18.83986
2024-11-27,SITE_029,19.39,19.732534
2024-11-27,SITE_030,44.64,31.994658
2024-11-28,SITE_001,35.0,19.557434
2024-11-28,SITE_002,15.23,15.547957
2024-11-28,SITE_003,33.71,32.85393
2024-11-28,SITE_004,5.72,5.638553
2024-11-28,SITE_005,25.79,35.258217
2024-11-28,SITE_006,30.0,28.787226
2024-11-28,SITE_007,50.8,43.28819
2024-11-28,SITE_008,0.0,2.0277991
2024-11-28,SITE_009,6.57,6.2453184
2024-11-28,SITE_010,34.44,31.455244
2024-11-28,SITE_011,28.66,31.07086
2024-11-28,SITE_012,9.62,9.69645
2024-11-28,SITE_013,14.78,14.877056
2024-11-28,SITE_014,0.0,0.7626292
2024-11-28,SITE_015,16.09,16.395647
2024-11-28,SITE_016,10.5,8.543516
2024-11-28,SITE_017,38.57,40.700207
2024-11-28,SITE_018,27.36,23.704498
2024-11-28,SITE_019,13.96,14.200169
2024-11-28,SITE_020,33.5,31.992458
2024-11-28,SITE_021,56.58,36.272007
2024-11-28,SITE_022,15.74,39.12378
2024-11-28,SITE_023,18.22,17.918116
2024-11-28,SITE_024,43.9,48.453762
2024-11-28,SITE_025,37.85,32.013794
2024-11-28,SITE_026,46.08,44.151184
2024-11-28,SITE_027,18.13,17.79709
2024-11-28,SITE_028,59.05,56.31607
2024-11-28,SITE_029,14.07,14.4571495
2024-11-28,SITE_030,43.64,36.038136
2024-11-29,SITE_001,30.53,17.842852
2024-11-29,SITE_002,8.24,8.381685
2024-11-29,SITE_003,34.67,28.024914
2024-11-29,SITE_004,5.86,6.1180625
2024-11-29,SITE_005,41.44,44.692226
2024-11-29,SITE_006,37.77,37.747795
2024-11-29,SITE_007,22.29,27.22926
2024-11-29,SITE_008,35.71,28.133406
2024-11-29,SITE_009,15.26,15.367304
2024-11-29,SITE_010,11.28,27.821789
2024-11-29,SITE_011,34.74,30.591877
2024-11-29,SITE_012,4.22,5.0051737
2024-11-29,SITE_013,20.96,20.28122
2024-11-29,SITE_014,67.46,54.863537
2024-11-29,SITE_015,11.81,11.932298
2024-11-29,SITE_016,65.87,69.175285
2024-11-29,SITE_017,0.0,0.4317676
2024-11-29,SITE_018,29.85,39.051582
2024-11-29,SITE_019,6.38,6.8682265
2024-11-29,SITE_020,53.81,40.56977
2024-11-29,SITE_021,42.62,25.251413
2024-11-29,SITE_022,11.21,33.376785
2024-11-29,SITE_023,11.79,11.776209
2024-11-29,SITE_024,18.21,17.957008
2024-11-29,SITE_025,32.08,33.109386
2024-11-29,SITE_026,12.02,11.731307
2024-11-29,SITE_027,12.03,11.978194
2024-11-29,SITE_028,44.81,48.82907
2024-11-29,SITE_029,12.54,12.526345
2024-11-29,SITE_030,34.78,33.57823
2024-11-30,SITE_001,31.17,30.749603
2024-11-30,SITE_002,11.31,12.06411
2024-11-30,SITE_003,54.44,30.03787
2024-11-30,SITE_004,18.71,19.106447
2024-11-30,SITE_005,0.0,-0.9857399
2024-11-30,SITE_006,19.99,20.342508
2024-11-30,SITE_007,37.06,33.90012
2024-11-30,SITE_008,46.4,42.812366
2024-11-30,SITE_009,8.74,8.845905
2024-11-30,SITE_010,33.39,34.388638
2024-11-30,SITE_011,16.62,34.89785
2024-11-30,SITE_012,14.52,14.727911
2024-11-30,SITE_013,56.9,56.418766
2024-11-30,SITE_014,28.9,28.594711
2024-11-30,SITE_015,12.63,13.326757
2024-11-30,SITE_016,51.65,43.549103
2024-11-30,SITE_017,56.13,42.23722
2024-11-30,SITE_018,35.01,31.167498
2024-11-30,SITE_019,5.99,6.327251
2024-11-30,SITE_020,20.26,25.99284
2024-11-30,SITE_021,30.01,29.52732
2024-11-30,SITE_022,25.09,37.039825
2024-11-30,SITE_023,15.59,15.197726
2024-11-30,SITE_024,21.82,21.796204
2024-11-30,SITE_025,21.72,31.37391
2024-11-30,SITE_026,19.78,20.453905
2024-11-30,SITE_027,13.13,12.177033
2024-11-30,SITE_028,0.0,0.32918742
2024-11-30,SITE_029,10.39,9.763958
2024-11-30,SITE_030,41.05,30.773888
2024-12-01,SITE_001,0.0,-1.7793131
2024-12-01,SITE_002,0.0,1.3985088
2024-12-01,SITE_003,34.85,34.38926
2024-12-01,SITE_004,19.97,19.874815
2024-12-01,SITE_005,0.0,0.28343552
2024-12-01,SITE_006,0.0,0.061475445
2024-12-01,SITE_007,44.12,46.222107
2024-12-01,SITE_008,51.79,43.099457
2024-12-01,SITE_009,9.0,8.957244
2024-12-01,SITE_010,18.43,49.602795
2024-12-01,SITE_011,40.73,35.39888
2024-12-01,SITE_012,7.34,7.7795963
2024-12-01,SITE_013,40.41,41.62668
2024-12-01,SITE_014,37.85,35.49673
2024-12-01,SITE_015,6.19,5.7918606
2024-12-01,SITE_016,60.87,56.441628
2024-12-01,SITE_017,30.89,29.632078
2024-12-01,SITE_018,24.16,23.04702
2024-12-01,SITE_019,12.59,12.897283
2024-12-01,SITE_020,23.91,38.486954
2024-12-01,SITE_021,34.77,30.210142
2024-12-01,SITE_022,0.0,-1.5271814
2024-12-01,SITE_023,8.51,8.255092
2024-12-01,SITE_024,37.11,40.696434
2024-12-01,SITE_025,33.4,31.851496
2024-12-01,SITE_026,0.0,-0.75259376
2024-12-01,SITE_027,9.84,9.763219
2024-12-01,SITE_028,28.68,23.201958
2024-12-01,SITE_029,9.38,7.7542424
2024-12-01,SITE_030,35.5,27.018148
2024-12-02,SITE_001,49.37,37.565662
2024-12-02,SITE_002,19.57,17.122604
2024-12-02,SITE_003,0.0,5.9744835
2024-12-02,SITE_004,0.0,0.7739733
2024-12-02,SITE_005,0.0,-1.6434673
2024-12-02,SITE_006,38.52,35.459137
2024-12-02,SITE_007,20.65,32.801743
2024-12-02,SITE_008,57.35,49.50242
2024-12-02,SITE_009,8.01,7.87557
2024-12-02,SITE_010,17.66,39.407417
2024-12-02,SITE_011,10.42,32.228077
2024-12-02,SITE_012,15.78,15.819372
2024-12-02,SITE_013,69.54,71.99257
2024-12-02,SITE_014,25.82,23.610922
2024-12-02,SITE_015,7.97,7.9997473
2024-12-02,SITE_016,0.0,1.5644681
2024-12-02,SITE_017,0.0,-1.4489937
2024-12-02,SITE_018,40.03,34.20862
2024-12-02,SITE_019,10.57,10.928337
2024-12-02,SITE_020,30.73,30.546854
2024-12-02,SITE_021,25.7,33.667305
2024-12-02,SITE_022,41.16,33.630646
2024-12-02,SITE_023,19.93,19.708607
2024-12-02,SITE_024,65.67,68.51764
2024-12-02,SITE_025,49.84,12.022461
2024-12-02,SITE_026,27.59,23.869198
2024-12-02,SITE_027,8.75,8.260455
2024-12-02,SITE_028,42.1,34.593735
2024-12-02,SITE_029,6.53,6.4003077
2024-12-02,SITE_030,22.84,29.444445
2024-12-03,SITE_001,52.28,31.77852
2024-12-03,SITE_002,13.78,14.207709
2024-12-03,SITE_003,59.08,38.639652
2024-12-03,SITE_004,16.0,16.20321
2024-12-03,SITE_005,38.63,28.53802
2024-12-03,SITE_006,14.63,13.755363
2024-12-03,SITE_007,16.46,32.171036
2024-12-03,SITE_008,33.73,30.597824
2024-12-03,SITE_009,8.65,9.232069
2024-12-03,SITE_010,23.26,29.103603
2024-12-03,SITE_011,0.0,-0.28996605
2024-12-03,SITE_012,16.95,16.858418
2024-12-03,SITE_013,32.75,30.75313
2024-12-03,SITE_014,14.45,14.566418
2024-12-03,SITE_015,8.15,5.390217
2024-12-03,SITE_016,63.45,64.37557
2024-12-03,SITE_017,31.02,24.233727
2024-12-03,SITE_018,29.32,40.637917
2024-12-03,SITE_019,17.38,16.703133
2024-12-03,SITE_020,31.79,27.814928
2024-12-03,SITE_021,34.51,28.411325
2024-12-03,SITE_022,38.78,31.387934
2024-12-03,SITE_023,0.0,0.6628949
2024-12-03,SITE_024,58.98,55.488255
2024-12-03,SITE_025,32.83,28.197786
2024-12-03,SITE_026,12.18,9.9361515
2024-12-03,SITE_027,19.16,18.499432
2024-12-03,SITE_028,0.0,1.4036268
2024-12-03,SITE_029,9.9,9.867446
2024-12-03,SITE_030,11.93,31.518965
2024-12-04,SITE_001,34.22,30.270067
2024-12-04,SITE_002,7.58,7.928687
2024-12-04,SITE_003,30.29,28.537872
2024-12-04,SITE_004,6.36,6.0479693
2024-12-04,SITE_005,47.49,22.669022
2024-12-04,SITE_006,35.6,33.83023
2024-12-04,SITE_007,24.02,36.317432
2024-12-04,SITE_008,31.61,37.484734
2024-12-04,SITE_009,7.24,5.896959
2024-12-04,SITE_010,11.45,39.970783
2024-12-04,SITE_011,0.0,-1.5447987
2024-12-04,SITE_012,17.97,17.661545
2024-12-04,SITE_013,0.0,-0.10616562
2024-12-04,SITE_014,0.0,-0.8644962
2024-12-04,SITE_015,8.7,7.525521
2024-12-04,SITE_016,68.78,60.873814
2024-12-04,SITE_017,40.25,33.20989
2024-12-04,SITE_018,14.84,23.394026
2024-12-04,SITE_019,7.13,6.9473963
2024-12-04,SITE_020,39.04,33.424744
2024-12-04,SITE_021,38.88,30.09292
2024-12-04,SITE_022,47.6,41.96243
2024-12-04,SITE_023,9.11,8.733078
2024-12-04,SITE_024,22.07,20.872253
2024-12-04,SITE_025,50.97,39.29941
2024-12-04,SITE_026,23.46,19.455536
2024-12-04,SITE_027,13.86,12.963053
2024-12-04,SITE_028,56.73,61.478584
2024-12-04,SITE_029,13.26,12.773303
2024-12-04,SITE_030,16.31,37.823624
2024-12-05,SITE_001,40.11,41.379932
2024-12-05,SITE_002,18.62,18.596909
2024-12-05,SITE_003,26.15,34.71344
2024-12-05,SITE_004,12.18,11.942394
2024-12-05,SITE_005,31.98,27.888689
2024-12-05,SITE_006,13.15,12.656372
2024-12-05,SITE_007,24.72,22.301098
2024-12-05,SITE_008,21.22,36.311504
2024-12-05,SITE_009,6.21,6.1268554
2024-12-05,SITE_010,28.85,29.988424
2024-12-05,SITE_011,0.0,0.28019077
2024-12-05,SITE_012,12.34,9.708488
2024-12-05,SITE_013,57.31,51.6579
2024-12-05,SITE_014,0.0,-0.46647477
2024-12-05,SITE_015,0.0,1.2686096
2024-12-05,SITE_016,0.0,4.727528
2024-12-05,SITE_017,25.05,30.499798
2024-12-05,SITE_018,24.73,24.966501
2024-12-05,SITE_019,16.48,16.60451
2024-12-05,SITE_020,0.0,0.06291929
2024-12-05,SITE_021,39.53,32.923508
2024-12-05,SITE_022,26.68,39.299873
2024-12-05,SITE_023,18.57,18.534237
2024-12-05,SITE_024,10.4,10.578849
2024-12-05,SITE_025,22.63,31.204601
2024-12-05,SITE_026,39.04,38.20238
2024-12-05,SITE_027,17.11,16.777472
2024-12-05,SITE_028,50.79,50.87144
2024-12-05,SITE_029,5.52,4.7242775
2024-12-05,SITE_030,40.77,36.444748
2024-12-06,SITE_001,0.0,-0.3166436
2024-12-06,SITE_002,18.81,18.153938
2024-12-06,SITE_003,41.62,56.19815
2024-12-06,SITE_004,0.0,1.2894034
2024-12-06,SITE_005,28.58,30.857836
2024-12-06,SITE_006,67.24,64.31391
2024-12-06,SITE_007,0.0,-1.3870744
2024-12-06,SITE_008,32.71,49.30398
2024-12-06,SITE_009,12.2,12.460682
2024-12-06,SITE_010,36.99,30.521284
2024-12-06,SITE_011,36.33,32.936108
2024-12-06,SITE_012,13.89,13.348499
2024-12-06,SITE_013,0.0,0.21261728
2024-12-06,SITE_014,12.57,12.159763
2024-12-06,SITE_015,12.07,12.441162
2024-12-06,SITE_016,22.89,24.426254
2024-12-06,SITE_017,18.87,31.498987
2024-12-06,SITE_018,42.39,42.018055
2024-12-06,SITE_019,5.56,5.4839816
2024-12-06,SITE_020,0.0,4.160713
2024-12-06,SITE_021,30.65,30.652107
2024-12-06,SITE_022,32.81,31.093168
2024-12-06,SITE_023,14.51,12.5058775
2024-12-06,SITE_024,21.48,20.756765
2024-12-06,SITE_025,32.99,39.318752
2024-12-06,SITE_026,41.42,38.800694
2024-12-06,SITE_027,18.84,18.055199
2024-12-06,SITE_028,0.0,0.17938279
2024-12-06,SITE_029,19.97,18.98033
2024-12-06,SITE_030,18.54,44.351395
2024-12-07,SITE_001,36.25,33.099304
2024-12-07,SITE_002,12.23,12.3628025
2024-12-07,SITE_003,38.61,41.289078
2024-12-07,SITE_004,5.51,4.357002
2024-12-07,SITE_005,37.29,34.49882
2024-12-07,SITE_006,0.0,-0.45646808
2024-12-07,SITE_007,37.29,33.22029
2024-12-07,SITE_008,34.65,25.75606
2024-12-07,SITE_009,14.09,13.508702
2024-12-07,SITE_010,22.08,34.820557
2024-12-07,SITE_011,44.9,37.186546
2024-12-07,SITE_012,10.26,9.937918
2024-12-07,SITE_013,17.83,17.803917
2024-12-07,SITE_014,42.53,40.86696
2024-12-07,SITE_015,15.49,15.540057
2024-12-07,SITE_016,50.42,52.554585
2024-12-07,SITE_017,36.72,34.244465
2024-12-07,SITE_018,14.56,36.862617
2024-12-07,SITE_019,13.92,11.293899
2024-12-07,SITE_020,39.58,29.991545
2024-12-07,SITE_021,23.5,34.80324
2024-12-07,SITE_022,0.0,0.4287206
2024-12-07,SITE_023,15.33,14.787854
2024-12-07,SITE_024,0.0,-0.09639901
2024-12-07,SITE_025,12.64,44.54894
2024-12-07,SITE_026,25.86,24.52304
2024-12-07,SITE_027,9.32,9.030446
2024-12-07,SITE_028,31.34,33.195885
2024-12-07,SITE_029,16.18,16.216654
2024-12-07,SITE_030,9.53,24.230497
2024-12-08,SITE_001,28.66,33.708393
2024-12-08,SITE_002,15.34,14.789917
2024-12-08,SITE_003,33.14,30.779161
2024-12-08,SITE_004,12.68,12.993861
2024-12-08,SITE_005,30.38,31.581295
2024-12-08,SITE_006,22.87,21.230635
2024-12-08,SITE_007,54.34,46.81613
2024-12-08,SITE_008,38.1,30.488472
2024-12-08,SITE_009,11.17,10.401314
2024-12-08,SITE_010,22.58,24.838882
2024-12-08,SITE_011,30.94,26.889297
2024-12-08,SITE_012,16.37,16.635052
2024-12-08,SITE_013,0.0,-0.16277647
2024-12-08,SITE_014,22.3,21.161617
2024-12-08,SITE_015,11.16,10.763928
2024-12-08,SITE_016,50.65,47.7941
2024-12-08,SITE_017,16.2,35.792564
2024-12-08,SITE_018,14.53,40.723995
2024-12-08,SITE_019,12.58,12.613693
2024-12-08,SITE_020,31.52,21.020514
2024-12-08,SITE_021,29.22,37.92829
2024-12-08,SITE_022,31.23,31.495443
2024-12-08,SITE_023,8.08,8.041261
2024-12-08,SITE_024,0.0,-0.59731
2024-12-08,SITE_025,12.61,39.049015
2024-12-08,SITE_026,64.81,67.1439
2024-12-08,SITE_027,13.52,12.69943
2024-12-08,SITE_028,36.18,35.07597
2024-12-08,SITE_029,6.13,6.088847
2024-12-08,SITE_030,16.43,39.65296
2024-12-09,SITE_001,14.12,36.359253
2024-12-09,SITE_002,13.48,14.115219
2024-12-09,SITE_003,34.01,30.104557
2024-12-09,SITE_004,12.61,13.239238
2024-12-09,SITE_005,39.34,30.04313
2024-12-09,SITE_006,0.0,1.0195801
2024-12-09,SITE_007,23.67,31.156826
2024-12-09,SITE_008,0.0,0.72181267
2024-12-09,SITE_009,12.12,12.598887
2024-12-09,SITE_010,34.21,30.035961
2024-12-09,SITE_011,57.36,40.96039
2024-12-09,SITE_012,7.55,6.095109
2024-12-09,SITE_013,31.97,33.023838
2024-12-09,SITE_014,0.0,0.11366966
2024-12-09,SITE_015,6.64,6.8319383
2024-12-09,SITE_016,52.16,46.94463
2024-12-09,SITE_017,32.75,29.672447
2024-12-09,SITE_018,39.78,32.33353
2024-12-09,SITE_019,11.83,11.13266
2024-12-09,SITE_020,52.56,42.834324
2024-12-09,SITE_021,49.38,32.38102
2024-12-09,SITE_022,54.18,42.915356
2024-12-09,SITE_023,8.99,8.7415905
2024-12-09,SITE_024,52.71,53.28018
2024-12-09,SITE_025,28.73,28.828775
2024-12-09,SITE_026,50.22,49.277035
2024-12-09,SITE_027,11.94,11.865096
2024-12-09,SITE_028,40.71,45.550766
2024-12-09,SITE_029,10.59,10.723684
2024-12-09,SITE_030,28.44,35.36516
2024-12-10,SITE_001,47.65,35.332283
2024-12-10,SITE_002,19.4,19.96594
2024-12-10,SITE_003,0.0,-0.22428621
2024-12-10,SITE_004,11.81,12.016966
2024-12-10,SITE_005,30.84,27.104233
2024-12-10,SITE_006,25.82,24.166958
2024-12-10,SITE_007,46.15,31.696646
2024-12-10,SITE_008,44.73,31.33666
2024-12-10,SITE_009,8.03,8.03428
2024-12-10,SITE_010,41.28,35.663647
2024-12-10,SITE_011,41.52,29.138872
2024-12-10,SITE_012,13.89,13.742109
2024-12-10,SITE_013,51.04,41.73048
2024-12-10,SITE_014,0.0,-0.2399315
2024-12-10,SITE_015,7.35,7.1546426
2024-12-10,SITE_016,62.54,60.710426
2024-12-10,SITE_017,52.59,35.19105
2024-12-10,SITE_018,24.3,32.747406
2024-12-10,SITE_019,17.73,17.506329
2024-12-10,SITE_020,49.71,35.154213
2024-12-10,SITE_021,31.63,24.925264
2024-12-10,SITE_022,33.77,39.658806
2024-12-10,SITE_023,13.72,13.164165
2024-12-10,SITE_024,8.33,8.232501
2024-12-10,SITE_025,0.0,-3.275315
2024-12-10,SITE_026,0.0,0.08011094
2024-12-10,SITE_027,6.09,6.3054667
2024-12-10,SITE_028,53.35,56.047367
2024-12-10,SITE_029,18.32,18.172382
2024-12-10,SITE_030,36.77,33.299225
2024-12-11,SITE_001,32.11,35.747467
2024-12-11,SITE_002,18.0,18.197554
2024-12-11,SITE_003,52.35,35.6871
2024-12-11,SITE_004,5.78,6.760593
2024-12-11,SITE_005,28.2,26.387827
2024-12-11,SITE_006,0.0,0.070809305
2024-12-11,SITE_007,0.0,0.024640027
2024-12-11,SITE_008,55.37,43.850857
2024-12-11,SITE_009,16.14,16.57057
2024-12-11,SITE_010,12.79,26.758165
2024-12-11,SITE_011,39.96,29.60095
2024-12-11,SITE_012,11.37,10.918885
2024-12-11,SITE_013,0.0,-0.20551112
2024-12-11,SITE_014,13.4,12.600817
2024-12-11,SITE_015,6.46,6.224153
2024-12-11,SITE_016,33.13,33.750084
2024-12-11,SITE_017,45.27,35.224392
2024-12-11,SITE_018,42.89,30.573326
2024-12-11,SITE_019,7.2,7.610778
2024-12-11,SITE_020,39.55,36.937927
2024-12-11,SITE_021,25.47,20.072023
2024-12-11,SITE_022,11.46,32.097782
2024-12-11,SITE_023,14.7,14.975591
2024-12-11,SITE_024,20.81,20.864882
2024-12-11,SITE_025,50.89,37.38372
2024-12-11,SITE_026,11.03,10.683278
2024-12-11,SITE_027,12.97,12.920265
2024-12-11,SITE_028,25.43,24.558584
2024-12-11,SITE_029,11.02,10.931652
2024-12-11,SITE_030,25.98,42.82196
2024-12-12,SITE_001,36.27,33.040367
2024-12-12,SITE_002,15.2,16.044071
2024-12-12,SITE_003,37.84,29.425335
2024-12-12,SITE_004,9.94,10.123752
2024-12-12,SITE_005,51.56,36.73344
2024-12-12,SITE_006,0.0,-0.4893049
2024-12-12,SITE_007,46.78,40.50144
2024-12-12,SITE_008,38.89,28.571709
2024-12-12,SITE_009,17.61,17.32219
2024-12-12,SITE_010,14.7,31.405794
2024-12-12,SITE_011,52.57,36.593414
2024-12-12,SITE_012,19.58,19.345133
2024-12-12,SITE_013,0.0,0.25257814
2024-12-12,SITE_014,0.0,0.62325966
2024-12-12,SITE_015,5.91,6.2072697
2024-12-12,SITE_016,48.59,49.80112
2024-12-12,SITE_017,32.72,35.398094
2024-12-12,SITE_018,30.92,28.208649
2024-12-12,SITE_019,10.74,10.962695
2024-12-12,SITE_020,31.39,30.548008
2024-12-12,SITE_021,30.09,39.778336
2024-12-12,SITE_022,0.0,-0.4706345
2024-12-12,SITE_023,19.07,19.390814
2024-12-12,SITE_024,34.73,35.487118
2024-12-12,SITE_025,52.69,34.847584
2024-12-12,SITE_026,0.0,0.9260572
2024-12-12,SITE_027,7.82,8.592247
2024-12-12,SITE_028,28.96,29.09859
2024-12-12,SITE_029,8.04,8.479398
2024-12-12,SITE_030,17.12,34.881104
2024-12-13,SITE_001,29.37,31.887323
2024-12-13,SITE_002,5.64,6.009086
2024-12-13,SITE_003,47.73,35.035202
2024-12-13,SITE_004,5.96,6.0070662
2024-12-13,SITE_005,25.15,33.244053
2024-12-13,SITE_006,58.95,52.980755
2024-12-13,SITE_007,42.17,35.490776
2024-12-13,SITE_008,31.77,30.30908
2024-12-13,SITE_009,15.1,15.4513
2024-12-13,SITE_010,43.67,33.636707
2024-12-13,SITE_011,33.24,35.21679
2024-12-13,SITE_012,15.39,15.508181
2024-12-13,SITE_013,63.73,51.556915
2024-12-13,SITE_014,0.0,0.20254308
2024-12-13,SITE_015,10.14,10.4292755
2024-12-13,SITE_016,56.66,55.399426
2024-12-13,SITE_017,37.77,39.301937
2024-12-13,SITE_018,41.92,36.168064
2024-12-13,SITE_019,5.82,6.1122174
2024-12-13,SITE_020,12.59,36.241386
2024-12-13,SITE_021,12.42,26.669695
2024-12-13,SITE_022,42.42,44.325817
2024-12-13,SITE_023,5.22,5.337092
2024-12-13,SITE_024,53.89,58.637844
2024-12-13,SITE_025,42.35,31.157143
2024-12-13,SITE_026,48.26,48.94874
2024-12-13,SITE_027,8.59,8.35352
2024-12-13,SITE_028,0.0,-1.1432459
2024-12-13,SITE_029,0.0,0.76290584
2024-12-13,SITE_030,39.19,36.438145
2024-12-14,SITE_001,0.0,1.7532507
2024-12-14,SITE_002,13.15,13.342073
2024-12-14,SITE_003,16.54,28.42689
2024-12-14,SITE_004,8.29,8.557996
2024-12-14,SITE_005,0.0,0.58459955
2024-12-14,SITE_006,29.01,28.430569
2024-12-14,SITE_007,34.96,33.778366
2024-12-14,SITE_008,51.51,42.395687
2024-12-14,SITE_009,6.07,7.058648
2024-12-14,SITE_010,18.42,30.82771
2024-12-14,SITE_011,14.66,30.446777
2024-12-14,SITE_012,16.73,17.978342
2024-12-14,SITE_013,0.0,-0.17684992
2024-12-14,SITE_014,0.0,2.6540651
2024-12-14,SITE_015,15.05,15.360008
2024-12-14,SITE_016,41.09,46.388237
2024-12-14,SITE_017,32.06,39.009136
2024-12-14,SITE_018,28.9,21.477686
2024-12-14,SITE_019,5.01,3.4371014
2024-12-14,SITE_020,31.11,27.363094
2024-12-14,SITE_021,30.44,32.394115
2024-12-14,SITE_022,10.38,41.40165
2024-12-14,SITE_023,11.65,11.863356
2024-12-14,SITE_024,44.61,47.852142
2024-12-14,SITE_025,12.6,29.283571
2024-12-14,SITE_026,12.13,12.273668
2024-12-14,SITE_027,10.53,8.901577
2024-12-14,SITE_028,50.93,50.928677
2024-12-14,SITE_029,19.48,20.00306
2024-12-14,SITE_030,14.38,32.864693
2024-12-15,SITE_001,41.61,28.964508
2024-12-15,SITE_002,7.62,7.8099995
2024-12-15,SITE_003,40.04,40.76956
2024-12-15,SITE_004,0.0,-0.120942965
2024-12-15,SITE_005,55.3,40.211475
2024-12-15,SITE_006,66.98,68.159546
2024-12-15,SITE_007,40.52,39.421463
2024-12-15,SITE_008,26.88,38.785778
2024-12-15,SITE_009,8.27,8.678346
2024-12-15,SITE_010,40.48,25.47614
2024-12-15,SITE_011,27.36,36.994614
2024-12-15,SITE_012,15.56,16.208214
2024-12-15,SITE_013,46.81,41.332527
2024-12-15,SITE_014,40.01,35.62027
2024-12-15,SITE_015,9.02,8.967033
2024-12-15,SITE_016,0.0,0.31168514
2024-12-15,SITE_017,33.9,45.99774
2024-12-15,SITE_018,36.65,28.991838
2024-12-15,SITE_019,8.21,7.9185004
2024-12-15,SITE_020,0.0,0.27312428
2024-12-15,SITE_021,13.2,41.14367
2024-12-15,SITE_022,15.15,30.385828
2024-12-15,SITE_023,18.88,18.918344
2024-12-15,SITE_024,0.0,0.4791961
2024-12-15,SITE_025,18.33,35.181103
2024-12-15,SITE_026,11.71,10.3972225
2024-12-15,SITE_027,13.02,11.415318
2024-12-15,SITE_028,27.12,27.220028
2024-12-15,SITE_029,19.43,17.785894
2024-12-15,SITE_030,10.5,31.11648
2024-12-16,SITE_001,38.09,39.449722
2024-12-16,SITE_002,4.51,4.6582203
2024-12-16,SITE_003,40.08,33.45655
2024-12-16,SITE_004,7.2,7.288497
2024-12-16,SITE_005,0.0,-2.8814719
2024-12-16,SITE_006,0.0,-0.3672259
2024-12-16,SITE_007,21.74,34.89688
2024-12-16,SITE_008,0.0,6.218143
2024-12-16,SITE_009,7.66,6.920342
2024-12-16,SITE_010,33.34,32.648945
2024-12-16,SITE_011,34.53,34.50576
2024-12-16,SITE_012,18.59,18.19582
2024-12-16,SITE_013,36.36,47.570995
2024-12-16,SITE_014,65.69,55.94421
2024-12-16,SITE_015,7.24,7.2153726
2024-12-16,SITE_016,54.92,57.410374
2024-12-16,SITE_017,22.34,35.45924
2024-12-16,SITE_018,40.87,34.73517
2024-12-16,SITE_019,14.82,14.183167
2024-12-16,SITE_020,39.86,36.815926
2024-12-16,SITE_021,38.54,24.593758
2024-12-16,SITE_022,11.27,24.316187
2024-12-16,SITE_023,19.03,18.077993
2024-12-16,SITE_024,52.48,54.408527
2024-12-16,SITE_025,30.46,27.100183
2024-12-16,SITE_026,12.18,12.148303
2024-12-16,SITE_027,16.96,17.114723
2024-12-16,SITE_028,55.18,47.9181
2024-12-16,SITE_029,17.92,17.681957
2024-12-16,SITE_030,28.05,38.43903
2024-12-17,SITE_001,32.12,30.05366
2024-12-17,SITE_002,9.14,8.661008
2024-12-17,SITE_003,20.59,33.027664
2024-12-17,SITE_004,19.66,19.799654
2024-12-17,SITE_005,48.74,32.02007
2024-12-17,SITE_006,61.73,59.697926
2024-12-17,SITE_007,22.02,37.3444
2024-12-17,SITE_008,57.4,47.175808
2024-12-17,SITE_009,9.45,9.542895
2024-12-17,SITE_010,35.86,31.556093
2024-12-17,SITE_011,14.37,25.655977
2024-12-17,SITE_012,10.47,9.652123
2024-12-17,SITE_013,25.27,57.80649
2024-12-17,SITE_014,0.0,-0.9319667
2024-12-17,SITE_015,8.23,7.7302923
2024-12-17,SITE_016,58.53,63.48929
2024-12-17,SITE_017,0.0,-0.5655226
2024-12-17,SITE_018,51.75,32.65901
2024-12-17,SITE_019,12.97,12.437389
2024-12-17,SITE_020,41.59,36.507004
2024-12-17,SITE_021,0.0,-2.0473948
2024-12-17,SITE_022,38.82,40.272606
2024-12-17,SITE_023,18.01,17.817703
2024-12-17,SITE_024,0.0,0.3542911
2024-12-17,SITE_025,0.0,-0.6706916
2024-12-17,SITE_026,23.54,21.548632
2024-12-17,SITE_027,14.05,14.370362
2024-12-17,SITE_028,66.36,63.638676
2024-12-17,SITE_029,15.89,16.88813
2024-12-17,SITE_030,31.02,28.219227
2024-12-18,SITE_001,46.41,30.456131
2024-12-18,SITE_002,16.6,16.67188
2024-12-18,SITE_003,12.34,37.114986
2024-12-18,SITE_004,15.42,15.320955
2024-12-18,SITE_005,0.0,1.4096941
2024-12-18,SITE_006,0.0,-0.34797764
2024-12-18,SITE_007,30.59,27.63314
2024-12-18,SITE_008,25.49,38.112373
2024-12-18,SITE_009,7.88,6.6975346
2024-12-18,SITE_010,44.73,36.28515
2024-12-18,SITE_011,27.57,45.532047
2024-12-18,SITE_012,8.13,8.207313
2024-12-18,SITE_013,0.0,21.266418
2024-12-18,SITE_014,16.14,15.639334
2024-12-18,SITE_015,19.76,19.123503
2024-12-18,SITE_016,15.25,16.070889
2024-12-18,SITE_017,0.0,-0.99053645
2024-12-18,SITE_018,0.0,-6.1602473
2024-12-18,SITE_019,10.71,10.584046
2024-12-18,SITE_020,44.19,32.930405
2024-12-18,SITE_021,41.41,31.6718
2024-12-18,SITE_022,30.37,32.811695
2024-12-18,SITE_023,9.84,9.603703
2024-12-18,SITE_024,66.79,61.246723
2024-12-18,SITE_025,33.54,44.425774
2024-12-18,SITE_026,20.64,20.089512
2024-12-18,SITE_027,0.0,0.9880676
2024-12-18,SITE_028,31.01,31.128162
2024-12-18,SITE_029,13.71,13.770841
2024-12-18,SITE_030,33.01,33.55254
2024-12-19,SITE_001,37.46,32.893963
2024-12-19,SITE_002,11.06,11.472836
2024-12-19,SITE_003,25.28,34.139633
2024-12-19,SITE_004,13.02,12.599421
2024-12-19,SITE_005,0.0,-0.4525702
2024-12-19,SITE_006,20.87,20.97275
2024-12-19,SITE_007,0.0,0.22975285
2024-12-19,SITE_008,21.55,34.53828
2024-12-19,SITE_009,6.18,5.8565536
2024-12-19,SITE_010,43.19,30.108675
2024-12-19,SITE_011,28.86,20.606531
2024-12-19,SITE_012,9.44,10.0077505
2024-12-19,SITE_013,27.63,38.103836
2024-12-19,SITE_014,0.0,0.426796
2024-12-19,SITE_015,19.99,19.35593
2024-12-19,SITE_016,47.14,34.09166
2024-12-19,SITE_017,32.71,29.296968
2024-12-19,SITE_018,52.12,36.4865
2024-12-19,SITE_019,18.98,19.482567
2024-12-19,SITE_020,34.19,30.601933
2024-12-19,SITE_021,51.38,21.44495
2024-12-19,SITE_022,11.86,42.28119
2024-12-19,SITE_023,16.38,17.220745
2024-12-19,SITE_024,0.0,0.8549125
2024-12-19,SITE_025,34.43,31.102228
2024-12-19,SITE_026,69.85,56.577076
2024-12-19,SITE_027,9.31,10.213855
2024-12-19,SITE_028,45.68,47.170055
2024-12-19,SITE_029,19.61,22.196806
2024-12-19,SITE_030,0.0,2.7103364
2024-12-20,SITE_001,16.55,32.967125
2024-12-20,SITE_002,9.06,9.562083
2024-12-20,SITE_003,21.97,35.929596
2024-12-20,SITE_004,12.88,13.040974
2024-12-20,SITE_005,55.7,44.457275
2024-12-20,SITE_006,15.9,15.696682
2024-12-20,SITE_007,31.49,31.553978
2024-12-20,SITE_008,14.5,35.9755
2024-12-20,SITE_009,14.12,13.605362
2024-12-20,SITE_010,24.03,24.33055
2024-12-20,SITE_011,32.42,30.36703
2024-12-20,SITE_012,13.19,13.374804
2024-12-20,SITE_013,0.0,13.682154
2024-12-20,SITE_014,12.81,12.576853
2024-12-20,SITE_015,13.89,14.503829
2024-12-20,SITE_016,32.89,34.462616
2024-12-20,SITE_017,39.52,32.926983
2024-12-20,SITE_018,43.54,30.882532
2024-12-20,SITE_019,11.09,10.4616785
2024-12-20,SITE_020,32.01,29.729076
2024-12-20,SITE_021,18.78,28.000847
2024-12-20,SITE_022,27.22,44.433422
2024-12-20,SITE_023,13.1,11.31082
2024-12-20,SITE_024,29.12,29.073586
2024-12-20,SITE_025,25.8,45.1849
2024-12-20,SITE_026,31.54,33.75392
2024-12-20,SITE_027,5.34,5.3095527
2024-12-20,SITE_028,0.0,-0.3774831
2024-12-20,SITE_029,16.87,17.235909
2024-12-20,SITE_030,35.44,31.375387
2024-12-21,SITE_001,18.71,28.989697
2024-12-21,SITE_002,7.54,7.825009
2024-12-21,SITE_003,41.88,38.403778
2024-12-21,SITE_004,6.83,6.8029413
2024-12-21,SITE_005,45.5,31.065382
2024-12-21,SITE_006,0.0,-0.116028324
2024-12-21,SITE_007,52.67,35.39916
2024-12-21,SITE_008,10.18,32.015797
2024-12-21,SITE_009,17.87,17.60341
2024-12-21,SITE_010,0.0,-0.19502717
2024-12-21,SITE_011,30.77,28.48667
2024-12-21,SITE_012,8.07,9.105363
2024-12-21,SITE_013,29.32,55.84349
2024-12-21,SITE_014,23.58,23.467703
2024-12-21,SITE_015,0.0,0.9095296
2024-12-21,SITE_016,34.35,34.608227
2024-12-21,SITE_017,36.76,32.714413
2024-12-21,SITE_018,34.77,27.90111
2024-12-21,SITE_019,5.6,6.013919
2024-12-21,SITE_020,23.44,29.061068
2024-12-21,SITE_021,43.39,35.33559
2024-12-21,SITE_022,29.57,40.97309
2024-12-21,SITE_023,7.26,7.629005
2024-12-21,SITE_024,67.96,59.002853
2024-12-21,SITE_025,17.77,28.890694
2024-12-21,SITE_026,25.79,24.833485
2024-12-21,SITE_027,18.87,18.906021
2024-12-21,SITE_028,36.7,38.965706
2024-12-21,SITE_029,12.91,12.846852
2024-12-21,SITE_030,37.54,35.827286
2024-12-22,SITE_001,0.0,-0.27800238
2024-12-22,SITE_002,19.63,19.612597
2024-12-22,SITE_003,21.59,40.192513
2024-12-22,SITE_004,9.72,9.420319
2024-12-22,SITE_005,55.95,37.35229
2024-12-22,SITE_006,0.0,-0.27049577
2024-12-22,SITE_007,39.8,35.4096
2024-12-22,SITE_008,39.32,37.65744
2024-12-22,SITE_009,8.87,9.12007
2024-12-22,SITE_010,35.87,32.27238
2024-12-22,SITE_011,33.69,29.390015
2024-12-22,SITE_012,12.51,13.1910925
2024-12-22,SITE_013,0.0,-0.5670272
2024-12-22,SITE_014,61.26,66.05258
2024-12-22,SITE_015,6.12,6.3003464
2024-12-22,SITE_016,0.0,1.7378178
2024-12-22,SITE_017,0.0,0.6770489
2024-12-22,SITE_018,42.93,31.519007
2024-12-22,SITE_019,15.33,15.301331
2024-12-22,SITE_020,28.6,33.439217
2024-12-22,SITE_021,35.03,28.899185
2024-12-22,SITE_022,10.4,47.638027
2024-12-22,SITE_023,6.34,6.2149615
2024-12-22,SITE_024,49.38,48.865524
2024-12-22,SITE_025,35.77,33.595135
2024-12-22,SITE_026,32.58,33.89942
2024-12-22,SITE_027,14.48,13.286357
2024-12-22,SITE_028,0.0,-0.26422945
2024-12-22,SITE_029,11.94,11.424299
2024-12-22,SITE_030,33.49,35.078636
2024-12-23,SITE_001,0.0,-0.91059715
2024-12-23,SITE_002,7.46,7.798902
2024-12-23,SITE_003,26.62,34.208683
2024-12-23,SITE_004,14.08,13.706278
2024-12-23,SITE_005,30.44,27.976742
2024-12-23,SITE_006,19.5,18.585903
2024-12-23,SITE_007,34.3,36.34653
2024-12-23,SITE_008,32.1,41.4552
2024-12-23,SITE_009,14.2,13.937183
2024-12-23,SITE_010,36.25,30.660519
2024-12-23,SITE_011,37.38,30.91796
2024-12-23,SITE_012,9.24,9.457202
2024-12-23,SITE_013,38.84,38.224155
2024-12-23,SITE_014,0.0,0.6491386
2024-12-23,SITE_015,10.98,10.793322
2024-12-23,SITE_016,0.0,0.27983063
2024-12-23,SITE_017,54.3,35.226288
2024-12-23,SITE_018,44.17,43.528564
2024-12-23,SITE_019,15.84,15.244197
2024-12-23,SITE_020,14.02,31.074492
2024-12-23,SITE_021,35.13,31.499887
2024-12-23,SITE_022,33.12,32.478497
2024-12-23,SITE_023,11.79,10.90731
2024-12-23,SITE_024,0.0,0.3851473
2024-12-23,SITE_025,20.14,48.44157
2024-12-23,SITE_026,0.0,-0.19267005
2024-12-23,SITE_027,17.53,17.869284
2024-12-23,SITE_028,45.83,40.73429
2024-12-23,SITE_029,12.02,12.3012085
2024-12-23,SITE_030,0.0,-1.0645002
2024-12-24,SITE_001,40.47,32.829006
2024-12-24,SITE_002,16.49,16.798925
2024-12-24,SITE_003,21.03,32.923717
2024-12-24,SITE_004,5.51,5.0907683
2024-12-24,SITE_005,35.92,31.562323
2024-12-24,SITE_006,14.1,13.164632
2024-12-24,SITE_007,38.1,35.54484
2024-12-24,SITE_008,10.46,32.001167
2024-12-24,SITE_009,16.07,15.197761
2024-12-24,SITE_010,47.71,36.348255
2024-12-24,SITE_011,29.48,31.894346
2024-12-24,SITE_012,19.3,19.292559
2024-12-24,SITE_013,61.88,63.081993
2024-12-24,SITE_014,26.48,25.560972
2024-12-24,SITE_015,5.33,3.0060816
2024-12-24,SITE_016,35.92,34.355774
2024-12-24,SITE_017,31.93,28.581358
2024-12-24,SITE_018,37.87,27.155895
2024-12-24,SITE_019,15.07,14.454721
2024-12-24,SITE_020,38.8,34.519955
2024-12-24,SITE_021,41.01,44.886555
2024-12-24,SITE_022,40.28,35.424168
2024-12-24,SITE_023,19.5,19.119501
2024-12-24,SITE_024,45.38,46.23026
2024-12-24,SITE_025,37.19,24.975777
2024-12-24,SITE_026,64.54,45.62036
2024-12-24,SITE_027,0.0,0.7221161
2024-12-24,SITE_028,50.8,36.318565
2024-12-24,SITE_029,5.6,5.2820983
2024-12-24,SITE_030,49.37,32.870033
2024-12-25,SITE_001,53.97,31.506594
2024-12-25,SITE_002,18.64,19.006184
2024-12-25,SITE_003,0.0,2.1112227
2024-12-25,SITE_004,9.3,9.011414
2024-12-25,SITE_005,50.99,38.97226
2024-12-25,SITE_006,43.11,39.17011
2024-12-25,SITE_007,45.0,36.587944
2024-12-25,SITE_008,30.97,32.23129
2024-12-25,SITE_009,11.13,9.8991995
2024-12-25,SITE_010,27.83,38.30603
2024-12-25,SITE_011,35.38,39.822765
2024-12-25,SITE_012,11.18,7.6262317
2024-12-25,SITE_013,16.74,16.738907
2024-12-25,SITE_014,37.37,37.147823
2024-12-25,SITE_015,13.02,12.943115
2024-12-25,SITE_016,0.0,0.03581492
2024-12-25,SITE_017,57.31,50.0553
2024-12-25,SITE_018,29.8,41.918552
2024-12-25,SITE_019,7.01,6.8166995
2024-12-25,SITE_020,34.79,40.380707
2024-12-25,SITE_021,34.74,40.327667
2024-12-25,SITE_022,30.85,32.010574
2024-12-25,SITE_023,18.1,14.499739
2024-12-25,SITE_024,60.3,39.26574
2024-12-25,SITE_025,17.05,34.924213
2024-12-25,SITE_026,11.01,10.815802
2024-12-25,SITE_027,14.2,13.703532
2024-12-25,SITE_028,0.0,-0.008052753
2024-12-25,SITE_029,18.82,18.08292
2024-12-25,SITE_030,45.39,32.391834
2024-12-26,SITE_001,42.11,36.552143
2024-12-26,SITE_002,13.73,14.345238
2024-12-26,SITE_003,57.01,49.955315
2024-12-26,SITE_004,18.78,17.667603
2024-12-26,SITE_005,43.66,44.19077
2024-12-26,SITE_006,0.0,-0.97441953
2024-12-26,SITE_007,18.63,37.33239
2024-12-26,SITE_008,28.83,32.92205
2024-12-26,SITE_009,10.87,10.280116
2024-12-26,SITE_010,44.49,35.23205
2024-12-26,SITE_011,20.74,27.15404
2024-12-26,SITE_012,14.11,14.229543
2024-12-26,SITE_013,0.0,0.8605798
2024-12-26,SITE_014,0.0,0.53018343
2024-12-26,SITE_015,19.15,19.190233
2024-12-26,SITE_016,16.8,17.286936
2024-12-26,SITE_017,41.22,32.49779
2024-12-26,SITE_018,45.32,36.139442
2024-12-26,SITE_019,7.27,5.3646665
2024-12-26,SITE_020,28.8,37.871624
2024-12-26,SITE_021,14.85,45.170715
2024-12-26,SITE_022,36.61,35.250786
2024-12-26,SITE_023,13.97,14.390462
2024-12-26,SITE_024,0.0,-0.084568
2024-12-26,SITE_025,21.59,40.145428
2024-12-26,SITE_026,62.85,45.56504
2024-12-26,SITE_027,11.17,11.099465
2024-12-26,SITE_028,48.39,47.3813
2024-12-26,SITE_029,12.05,11.772746
2024-12-26,SITE_030,22.56,33.113537
2024-12-27,SITE_001,24.61,28.778711
2024-12-27,SITE_002,8.09,8.38906
2024-12-27,SITE_003,38.91,30.718832
2024-12-27,SITE_004,5.33,5.022203
2024-12-27,SITE_005,14.87,39.42066
2024-12-27,SITE_006,16.95,15.887591
2024-12-27,SITE_007,0.0,-2.8258686
2024-12-27,SITE_008,17.49,33.464172
2024-12-27,SITE_009,15.05,15.184784
2024-12-27,SITE_010,13.18,31.583986
2024-12-27,SITE_011,30.99,31.395393
2024-12-27,SITE_012,7.65,7.5455747
2024-12-27,SITE_013,17.14,17.253965
2024-12-27,SITE_014,51.52,41.665367
2024-12-27,SITE_015,0.0,1.3475966
2024-12-27,SITE_016,18.36,19.10649
2024-12-27,SITE_017,12.52,29.461994
2024-12-27,SITE_018,46.38,38.501503
2024-12-27,SITE_019,11.49,11.270537
2024-12-27,SITE_020,0.0,-0.5916251
2024-12-27,SITE_021,45.8,35.32589
2024-12-27,SITE_022,43.14,27.342672
2024-12-27,SITE_023,14.47,14.720125
2024-12-27,SITE_024,0.0,-0.031726226
2024-12-27,SITE_025,47.88,49.71516
2024-12-27,SITE_026,0.0,-0.18820927
2024-12-27,SITE_027,16.77,17.739262
2024-12-27,SITE_028,53.34,50.06305
2024-12-27,SITE_029,6.11,4.7274046
2024-12-27,SITE_030,29.63,48.160763
2024-12-28,SITE_001,20.01,28.317211
2024-12-28,SITE_002,7.56,7.897176
2024-12-28,SITE_003,55.89,36.663864
2024-12-28,SITE_004,5.85,5.620744
2024-12-28,SITE_005,23.97,46.076206
2024-12-28,SITE_006,35.89,31.734554
2024-12-28,SITE_007,36.23,42.345978
2024-12-28,SITE_008,15.86,34.538464
2024-12-28,SITE_009,8.06,7.465731
2024-12-28,SITE_010,23.58,33.14366
2024-12-28,SITE_011,38.75,51.767056
2024-12-28,SITE_012,6.75,7.184083
2024-12-28,SITE_013,60.8,55.468586
2024-12-28,SITE_014,0.0,1.1372077
2024-12-28,SITE_015,0.0,1.4112824
2024-12-28,SITE_016,67.8,73.59322
2024-12-28,SITE_017,12.18,33.974594
2024-12-28,SITE_018,21.96,34.273846
2024-12-28,SITE_019,6.93,6.1453667
2024-12-28,SITE_020,44.57,35.764164
2024-12-28,SITE_021,43.88,34.96125
2024-12-28,SITE_022,19.93,28.381556
2024-12-28,SITE_023,13.04,13.645751
2024-12-28,SITE_024,52.27,53.191013
2024-12-28,SITE_025,30.21,31.873322
2024-12-28,SITE_026,52.97,55.419563
2024-12-28,SITE_027,12.91,13.394456
2024-12-28,SITE_028,42.52,44.012623
2024-12-28,SITE_029,10.06,12.152197
2024-12-28,SITE_030,22.35,33.533283
2024-12-29,SITE_001,31.84,29.034416
2024-12-29,SITE_002,15.02,14.049667
2024-12-29,SITE_003,0.0,-3.8348932
2024-12-29,SITE_004,12.72,13.481216
2024-12-29,SITE_005,38.58,28.988316
2024-12-29,SITE_006,25.79,24.088402
2024-12-29,SITE_007,0.0,-2.337381
2024-12-29,SITE_008,13.16,56.880177
2024-12-29,SITE_009,6.66,6.226585
2024-12-29,SITE_010,39.47,31.296778
2024-12-29,SITE_011,26.57,23.157015
2024-12-29,SITE_012,10.88,11.298787
2024-12-29,SITE_013,24.99,24.156477
2024-12-29,SITE_014,52.96,47.030178
2024-12-29,SITE_015,15.03,15.784374
2024-12-29,SITE_016,69.54,66.27338
2024-12-29,SITE_017,35.71,31.179108
2024-12-29,SITE_018,34.63,29.738493
2024-12-29,SITE_019,6.23,6.1374884
2024-12-29,SITE_020,48.88,33.44669
2024-12-29,SITE_021,47.5,34.19331
2024-12-29,SITE_022,41.21,32.677807
2024-12-29,SITE_023,13.04,12.744632
2024-12-29,SITE_024,39.58,32.785404
2024-12-29,SITE_025,36.87,36.49743
2024-12-29,SITE_026,38.4,36.73225
2024-12-29,SITE_027,6.18,6.4127426
2024-12-29,SITE_028,10.44,8.153007
2024-12-29,SITE_029,7.92,8.358312
2024-12-29,SITE_030,14.21,38.676388
2024-12-30,SITE_001,0.0,4.2440686
2024-12-30,SITE_002,13.09,13.525602
2024-12-30,SITE_003,35.11,32.006203
2024-12-30,SITE_004,12.44,12.388988
2024-12-30,SITE_005,44.58,27.988485
2024-12-30,SITE_006,35.65,30.746115
2024-12-30,SITE_007,39.15,44.020775
2024-12-30,SITE_008,26.0,28.096409
2024-12-30,SITE_009,13.48,14.035359
2024-12-30,SITE_010,22.87,45.58788
2024-12-30,SITE_011,29.28,33.08804
2024-12-30,SITE_012,9.97,11.385066
2024-12-30,SITE_013,36.05,47.926224
2024-12-30,SITE_014,60.29,32.10563
2024-12-30,SITE_015,0.0,-0.4243212
2024-12-30,SITE_016,17.26,17.672525
2024-12-30,SITE_017,26.47,23.403526
2024-12-30,SITE_018,26.04,24.872164
2024-12-30,SITE_019,8.53,5.9475036
2024-12-30,SITE_020,45.32,33.073925
2024-12-30,SITE_021,40.53,42.65199
2024-12-30,SITE_022,33.61,47.43367
2024-12-30,SITE_023,18.75,19.124147
2024-12-30,SITE_024,66.58,58.146503
2024-12-30,SITE_025,26.32,32.705822
2024-12-30,SITE_026,68.95,64.49806
2024-12-30,SITE_027,8.5,6.6505394
2024-12-30,SITE_028,60.07,50.0133
2024-12-30,SITE_029,15.5,15.064363
2024-12-30,SITE_030,10.65,20.084227
2024-12-31,SITE_001,52.31,38.265823
2024-12-31,SITE_002,18.87,18.576464
2024-12-31,SITE_003,34.08,30.16496
2024-12-31,SITE_004,7.89,8.13048
2024-12-31,SITE_005,0.0,-0.5335557
2024-12-31,SITE_006,0.0,-0.14947455
2024-12-31,SITE_007,48.5,38.11747
2024-12-31,SITE_008,0.0,-1.4910744
2024-12-31,SITE_009,0.0,1.959556
2024-12-31,SITE_010,32.0,37.238384
2024-12-31,SITE_011,0.0,-0.057047866
2024-12-31,SITE_012,11.83,13.027827
2024-12-31,SITE_013,11.51,23.019968
2024-12-31,SITE_014,36.42,31.857117
2024-12-31,SITE_015,11.8,12.0799465
2024-12-31,SITE_016,49.73,38.764896
2024-12-31,SITE_017,38.23,34.113056
2024-12-31,SITE_018,38.55,28.21698
2024-12-31,SITE_019,17.44,17.479414
2024-12-31,SITE_020,0.0,-3.0481648
2024-12-31,SITE_021,0.0,-1.8584726
2024-12-31,SITE_022,26.47,29.595081
2024-12-31,SITE_023,13.29,14.728899
2024-12-31,SITE_024,53.27,51.665756
2024-12-31,SITE_025,24.85,41.17781
2024-12-31,SITE_026,37.14,37.950035
2024-12-31,SITE_027,11.11,11.254509
2024-12-31,SITE_028,34.17,30.547745
2024-12-31,SITE_029,6.85,7.8889875
2024-12-31,SITE_030,16.74,28.8956
